Metric,Value
rmse,0.948735369141037
mse,0.9000988006591797
precision,0.47551692359636777
recall,0.28003471838792043
f1score,0.3524874816982218
