Metric,Value
rmse,0.9821059096186239
mse,0.9645320177078247
precision,0.32473407325433623
recall,0.3348985450430949
f1score,0.32973799549056815
