Metric,Value
rmse,0.940300414646994
mse,0.8841648697853088
precision,0.3337780071176805
recall,0.3253782482427556
f1score,0.32952460778369647
