Metric,Value
rmse,9.48658045558221
mse,89.99520874023438
precision,0.017824694918807317
recall,0.04811493536919252
f1score,0.02601270405212043
