Metric,Value
rmse,0.9814066257728133
mse,0.9631589651107788
precision,0.331240869915355
recall,0.3354843324453903
f1score,0.33334909713539274
