Metric,Value
rmse,1.218342297169229
mse,1.4843579530715942
precision,0.0
recall,0.0
f1score,0.0
