Metric,Value
rmse,6.302612416990957
mse,39.722923278808594
precision,0.024047416025558682
recall,0.06744585513987068
f1score,0.03545394141205147
