embedding_dim,learning_rate,weight_decay,epochs,batch_size,rmse
40,0.001,0.0,10,1024,6.302612416990957
40,0.001,0.0001,10,1024,6.4773269772729405
40,0.001,0.0,10,1024,6.407581916609916
40,0.001,0.0001,10,1024,6.417494121886156
100,0.001,0.0,10,1024,9.604903605909254
100,0.001,0.0001,10,1024,9.570172591451827
100,0.001,0.0,10,1024,9.693782614991877
100,0.001,0.0001,10,1024,9.645166054062999
