Metric,Value
rmse,0.9343398875397783
mse,0.8729910254478455
precision,0.5122231706820841
recall,0.3257563890919413
f1score,0.39824353361463216
