Metric,Value
rmse,0.9363961715066758
mse,0.8768377900123596
precision,0.5032022016559112
recall,0.3126005701868284
f1score,0.3856355986670461
