Metric,Value
rmse,1.2261560337566084
mse,1.5034586191177368
precision,0.25879092759113387
recall,0.30197225120301924
f1score,0.27871900991665843
