Metric,Value
rmse,5.601305584622154
mse,31.374624252319336
precision,0.01893157903760045
recall,0.06961014783529991
f1score,0.02976743422803911
