Metric,Value
rmse,0.9383374288671722
mse,0.8804771304130554
precision,0.40272306709629585
recall,0.32523663849148754
f1score,0.35985589746240804
