Metric,Value
rmse,1.1957506361665973
mse,1.4298195838928223
precision,0.32025892248657156
recall,0.29737085701245924
f1score,0.3083907978756001
