Metric,Value
rmse,1.0089145519570202
mse,1.0179085731506348
precision,0.23819867249135562
recall,0.34346323460349104
f1score,0.28130598044749777
