Metric,Value
rmse,0.9385200037910056
mse,0.8808197975158691
precision,0.3956536496105114
recall,0.3210674777436108
f1score,0.3544796281071165
