Metric,Value
rmse,0.9330343062624212
mse,0.8705530166625977
precision,0.5090604133877037
recall,0.3101678866208128
f1score,0.3854705521797524
