Metric,Value
rmse,3.727030918583667
mse,13.890759468078613
precision,0.13370679104214508
recall,0.08265745576708697
f1score,0.10215979145639209
