Metric,Value
rmse,4.412683430173939
mse,19.47177505493164
precision,0.0
recall,0.0
f1score,0.0
